{"stat.useItem.minecraft.bow":11,"stat.useItem.minecraft.quartz_block":6,"stat.useItem.minecraft.iron_axe":34,"stat.leaveGame":3,"stat.mineBlock.minecraft.cobblestone":17,"stat.craftItem.minecraft.iron_axe":1,"stat.swimOneCm":2204,"stat.useItem.minecraft.planks":41,"stat.mineBlock.minecraft.web":28,"stat.mineBlock.minecraft.spruce_stairs":1,"achievement.buildWorkBench":6,"stat.useItem.minecraft.dirt":2,"achievement.exploreAllBiomes":{"value":0,"progress":["Alps","FrozenRiver","Ice Plains","River","Ice Mountains"]},"stat.useItem.minecraft.water_bucket":20,"stat.mineBlock.minecraft.stone_brick_stairs":4,"stat.craftItem.minecraft.furnace":1,"stat.craftItem.minecraft.stone_axe":2,"stat.craftItem.minecraft.iron_boots":1,"stat.craftItem.minecraft.stone_pickaxe":1,"stat.killEntity.Enderman":1,"stat.craftItem.minecraft.bow":1,"stat.craftItem.minecraft.stone_sword":1,"stat.flyOneCm":193895,"achievement.buildPickaxe":5,"stat.killEntity.Witch":1,"stat.useItem.minecraft.cooked_beef":30,"achievement.buildBetterPickaxe":4,"stat.mineBlock.minecraft.iron_ore":32,"stat.timeSinceDeath":83,"stat.useItem.minecraft.iron_pickaxe":144,"stat.craftItem.minecraft.wooden_pickaxe":1,"stat.killEntity.Bat":2,"stat.trappedChestTriggered":1,"stat.mineBlock.minecraft.vine":1,"stat.furnaceInteraction":29,"stat.mineBlock.minecraft.coal_ore":65,"stat.killEntity.Creeper":3,"achievement.buildSword":2,"achievement.mineWood":39,"stat.sprintOneCm":385359,"stat.craftItem.minecraft.stick":80,"achievement.openInventory":140,"stat.useItem.minecraft.snowball":154,"stat.mineBlock.minecraft.crafting_table":3,"stat.useItem.minecraft.stone_pressure_plate":1,"stat.mineBlock.minecraft.quartz_block":53,"stat.useItem.minecraft.bucket":20,"achievement.killEnemy":69,"achievement.buildFurnace":2,"stat.deaths":10,"stat.mineBlock.minecraft.planks":10,"stat.drop":7,"stat.playOneMinute":97841,"stat.mineBlock.minecraft.stone_pressure_plate":2,"stat.craftItem.minecraft.iron_pickaxe":2,"stat.killEntity.Zombie":54,"stat.diveOneCm":11818,"stat.chestOpened":38,"stat.useItem.minecraft.stone":24,"stat.mineBlock.minecraft.ice":1,"stat.useItem.minecraft.potion":1,"stat.craftItem.minecraft.coal":11,"stat.jump":1182,"stat.fallOneCm":57130,"stat.useItem.minecraft.stone_axe":18,"stat.crouchOneCm":11005,"stat.mineBlock.minecraft.chest":1,"stat.craftItem.minecraft.torch":160,"stat.craftItem.minecraft.iron_ingot":29,"stat.craftingTableInteraction":15,"stat.mineBlock.minecraft.iron_bars":12,"stat.damageTaken":6054,"stat.mineBlock.minecraft.torch":8,"stat.mineBlock.minecraft.furnace":4,"stat.useItem.minecraft.wooden_pickaxe":7,"stat.useItem.minecraft.furnace":3,"stat.entityKilledBy.Zombie":3,"stat.mineBlock.minecraft.gravel":7,"stat.useItem.minecraft.stone_pickaxe":101,"stat.useItem.minecraft.stone_sword":143,"stat.craftItem.minecraft.iron_leggings":1,"stat.damageDealt":39053,"achievement.explore_all_biomes":{"value":0,"progress":["Alps","FrozenRiver","Ice Plains","River","Ice Mountains"]},"stat.mineBlock.minecraft.dirt":2,"stat.useItem.minecraft.crafting_table":6,"stat.craftItem.minecraft.iron_sword":1,"stat.useItem.minecraft.iron_bars":7,"stat.walkOneCm":691896,"stat.useItem.minecraft.torch":165,"stat.playerKills":5,"stat.useItem.minecraft.chest":1,"stat.useItem.minecraft.cobblestone":34,"stat.craftItem.minecraft.crafting_table":3,"stat.useItem.minecraft.gravel":2,"stat.useItem.minecraft.cooked_fish":1,"stat.craftItem.minecraft.iron_chestplate":1,"stat.killEntity.Skeleton":27,"stat.mineBlock.minecraft.stonebrick":7,"stat.craftItem.minecraft.planks":120,"stat.useItem.minecraft.iron_sword":358,"stat.killEntity.Spider":4,"achievement.obtain_flowers":2,"stat.mobKills":93,"stat.useItem.minecraft.stonebrick":1,"stat.mineBlock.minecraft.log":46,"stat.mineBlock.minecraft.bookshelf":2,"achievement.acquireIron":26,"stat.mineBlock.minecraft.leaves":9,"stat.mineBlock.minecraft.stone":35}