{"stat.cakeSlicesEaten":7,"stat.useItem.minecraft.quartz_block":12,"stat.leaveGame":2,"stat.mineBlock.minecraft.cobblestone":22,"stat.swimOneCm":9994,"stat.useItem.minecraft.snow":5,"stat.useItem.minecraft.planks":2,"stat.mineBlock.minecraft.spruce_stairs":3,"achievement.buildWorkBench":6,"achievement.exploreAllBiomes":{"value":0,"progress":["Alps","FrozenRiver","Ice Plains","River","Ice Mountains"]},"stat.useItem.minecraft.water_bucket":61,"stat.mineBlock.minecraft.stone_brick_stairs":1,"stat.useItem.minecraft.red_flower":1,"stat.craftItem.minecraft.furnace":1,"stat.craftItem.minecraft.stone_axe":1,"stat.craftItem.minecraft.stone_pickaxe":3,"stat.craftItem.minecraft.stone_sword":4,"stat.flyOneCm":279676,"achievement.buildPickaxe":8,"stat.useItem.minecraft.cooked_beef":4,"achievement.buildBetterPickaxe":6,"stat.mineBlock.minecraft.iron_ore":16,"stat.timeSinceDeath":5083,"stat.craftItem.minecraft.wooden_pickaxe":1,"stat.useItem.minecraft.iron_shovel":3,"stat.useItem.minecraft.iron_door":1,"stat.killEntity.Bat":2,"stat.trappedChestTriggered":2,"stat.mineBlock.minecraft.sticky_piston":2,"stat.furnaceInteraction":20,"stat.useItem.minecraft.cooked_porkchop":1,"stat.mineBlock.minecraft.coal_ore":23,"stat.killEntity.Creeper":1,"stat.breakItem.minecraft.iron_sword":1,"stat.useItem.minecraft.cooked_mutton":3,"stat.entityKilledBy.Skeleton":1,"achievement.buildSword":5,"achievement.mineWood":55,"stat.sprintOneCm":425525,"stat.craftItem.minecraft.stick":32,"achievement.openInventory":147,"stat.useItem.minecraft.snowball":39,"stat.mineBlock.minecraft.crafting_table":4,"stat.mineBlock.minecraft.quartz_block":19,"stat.useItem.minecraft.carrot":1,"stat.useItem.minecraft.bucket":60,"achievement.killEnemy":39,"achievement.buildFurnace":2,"stat.deaths":21,"stat.mineBlock.minecraft.planks":8,"stat.drop":13,"stat.playOneMinute":107405,"stat.mineBlock.minecraft.stone_pressure_plate":2,"stat.killEntity.Zombie":22,"stat.mineBlock.minecraft.tallgrass":5,"stat.diveOneCm":58475,"stat.chestOpened":46,"stat.useItem.minecraft.stone":1,"stat.mineBlock.minecraft.ice":1,"stat.useItem.minecraft.potion":1,"stat.craftItem.minecraft.coal":9,"stat.useItem.minecraft.rotten_flesh":14,"stat.jump":1182,"stat.fallOneCm":64049,"stat.useItem.minecraft.stone_axe":67,"stat.crouchOneCm":6232,"stat.mineBlock.minecraft.chest":4,"stat.craftItem.minecraft.torch":44,"stat.craftItem.minecraft.iron_ingot":1,"stat.craftingTableInteraction":12,"stat.mineBlock.minecraft.iron_bars":5,"stat.damageTaken":7911,"stat.useItem.minecraft.stone_brick_stairs":1,"stat.mineBlock.minecraft.red_flower":1,"stat.mineBlock.minecraft.torch":4,"stat.useItem.minecraft.wooden_pickaxe":18,"stat.useItem.minecraft.furnace":1,"stat.breakItem.minecraft.leather_boots":1,"stat.mineBlock.minecraft.snow":3,"stat.breakItem.minecraft.iron_leggings":1,"stat.entityKilledBy.Zombie":9,"stat.mineBlock.minecraft.gravel":1,"stat.useItem.minecraft.stone_pickaxe":114,"stat.useItem.minecraft.stone_sword":158,"stat.damageDealt":19470,"achievement.explore_all_biomes":{"value":0,"progress":["Alps","FrozenRiver","Ice Plains","River","Ice Mountains"]},"stat.useItem.minecraft.crafting_table":3,"stat.walkOneCm":626664,"stat.useItem.minecraft.torch":51,"stat.useItem.minecraft.bread":4,"stat.playerKills":2,"stat.useItem.minecraft.chest":1,"stat.useItem.minecraft.cobblestone":3,"stat.craftItem.minecraft.crafting_table":3,"stat.craftItem.minecraft.leather_boots":1,"stat.useItem.minecraft.gravel":3,"stat.useItem.minecraft.cooked_fish":4,"stat.killEntity.Skeleton":13,"stat.mineBlock.minecraft.stonebrick":8,"stat.craftItem.minecraft.planks":40,"stat.useItem.minecraft.iron_sword":108,"stat.craftItem.minecraft.snow":5,"stat.mineBlock.minecraft.redstone_torch":6,"stat.killEntity.Spider":3,"achievement.obtain_flowers":1,"stat.mobKills":42,"stat.useItem.minecraft.stonebrick":2,"stat.mineBlock.minecraft.log":46,"stat.mineBlock.minecraft.bookshelf":12,"achievement.acquireIron":2,"stat.mineBlock.minecraft.leaves":4,"stat.useItem.minecraft.baked_potato":4,"stat.mineBlock.minecraft.stone":19}